policy,fill_pct,blocks_used,blocks_free,load_imbalance,load_std_dev,max_blocks,min_blocks,num_files,write_count,read_count,avg_write_latency_ms,avg_read_latency_ms,metadata_bytes
sequential,11,112,888,0.000000,0.0000,125,125,30,30,0,0.304386,0.000000,1504
sequential,21,211,789,0.000000,0.0000,125,125,42,42,0,0.420648,0.000000,2284
sequential,31,317,683,0.000000,0.0000,125,125,61,61,0,0.436579,0.000000,3316
sequential,40,404,596,0.000000,0.0000,125,125,80,80,0,0.424368,0.000000,4272
sequential,50,501,499,0.000000,0.0000,125,125,100,100,0,0.419749,0.000000,5300
sequential,61,614,386,0.000000,0.0000,125,125,127,127,0,0.404041,0.000000,6616
sequential,71,713,287,0.000000,0.0000,125,125,158,158,0,0.384905,0.000000,8004
sequential,80,800,200,0.000000,0.0000,125,125,176,176,0,0.392883,0.000000,8928
sequential,91,912,88,0.000000,0.0000,125,125,200,200,0,0.396520,0.000000,10144
